id,body,actor,postID,likes,time,condition,class
,I love volleyball ‚ù§Ô∏è,CharlotteS,11PS1,,0:00,1,
,So adorable!‚ù§Ô∏è‚ù§Ô∏è,AimeeL,11PS2,,0:00,1,
,Friends are always a good thing,JamesS,11PS2,,0:00,1,
,huge fan of this,LizzyW,11PS3,,0:00,1,
,Haha,BrianD,12PS2,,0:00,2,
,<3,CharlotteS,14NS3,,0:00,4,
,Me if you even care,CallieZ,12PN4,,0:00,2,
,5 second rule üòõ,CallieZ,13NS1,,0:00,3,
,THAT LOOKS DELICIOUS,ArthurM,14NS1,,0:00,3,
,Wish that was me!!!,JamesS,14NN4,,0:00,4,
,"So sorry, sending love üíï",CharlotteS,14NN5,,0:00,4,
,eyyyy!!! yum,GracieP,22PN4,,0:00,2,
,Feel so happy for you!,ZoeZ,22PS2,,0:00,2,
,Sorry,BrianD,23NS1,,0:00,3,
,Terrible weather but still amazing photo,ArthurM,23NN4,,0:00,3,
,Itll get better,JamesS,23NN5,,0:00,4,
,huge fan of this,LizzyW,21PS2,,0:00,1,
,That‚Äôs nice,BrianD,21PN5,,0:00,1,
,been there beforeü•≤u got this,GracieP,24NS1,,0:00,4,
,:(,VioletO,24NS5,,0:00,4,
,That üç¶looks so goooood!!!!,CallieZ,31PS1,,0:00,1,
,so cute byeeeeeüòã,EmieY,31PS3,,0:00,1,
,Aw‚ù§Ô∏è‚ù§Ô∏è,AimeeL,31PN4,,0:00,1,
,that looks so fun what the flip,ZoeZ,32PS1,,0:00,2,
,so cute!!,HazelS,32PN3,,0:00,2,
,Feel so happy for you!,BrianD,32PN5,,0:00,2,
,goodbyes are never easy :(,VioletO,33NS1,,0:00,3,
,I‚Äôm sorry,BrianD,33NS2,,0:00,3,
,I know the feeling,EmieY,33NS3,,0:00,3,
,been there beforeü•≤u got this,GracieP,33NN4,,0:00,3,
,Just keep on pushing forward dawg,JamesS,33NN5,,0:00,3,
,"It gets easier, take your time yo",JamesS,34NS1,,0:00,4,
,Thinking of you,CallieZ,34NS2,,0:00,4,
,too real,ZoeZ,34NN3,,0:00,4,
,i feel you üíî,MarinaT,34NN4,,0:00,4,
,literally omw to help you rn :),VioletO,34NN5,,0:00,4,
,Yummy,BrianD,41PN4,,0:00,1,
,WHERE WAS MY INVITE üòâüòâ,CallieZ,41PN5,,0:00,1,
,stay winning ü•á,HazelS,42PS1,,0:00,2,
,Terrible weather but still amazing photo,ArthurM,42PN3,,0:00,2,
,yumm!,MarinaT,42PN5,,0:00,2,
,so delicious üòã love this for u,GracieP,42PN5,,0:00,2,
,Keep your head up!,EmieY,43NS1,,0:00,3,
,They‚Äôre missing out,HazelS,43NN5,,0:00,3,
,too real,ZoeZ,44NS1,,0:00,4,
,When‚Äôs winter break,CallieZ,44NS2,,0:00,4,
,so ready to get out of high school,HazelS,44NN4,,0:00,4,
,IM NOT READY TO GOü•≤,EmieY,44NN4,,0:00,4,
,ü•≤‚ù§Ô∏è,VioletO,44NN5,,0:00,4,
,You got this!,LucasT,51PS1,,0:00,1,
,Looks like a great time,JamesS,51PS2,,0:00,1,
,yk‚Ä¶good luck‚Ä¶,LucasT,52PN4,,0:00,2,
,YOU GOT THIS,LizzyW,52PN5,,0:00,2,
,I‚Äôd still eat it tbh,CallieZ,53NS2,,0:00,3,
,Take it one day at a time,HazelS,53NS3,,0:00,3,
,I hate school.,MarinaT,53NN4,,0:00,3,
,srry abt that,LucasT,53NN5,,0:00,3,
,so sorryüòï i know what you‚Äôre feeling,LizzyW,54NN2,,0:00,4,
,REAL ASF,CallieZ,54NN4,,0:00,4,
,cute!,MarinaT,61PS2,,0:00,1,
,cuties üíó,VioletO,61PS3,,0:00,1,
,I loveeeee,ZoeZ,61PN4,,0:00,1,
,so cute!!,HazelS,61PN5,,0:00,1,
,so happy for you diva,MarinaT,62PS1,,0:00,2,
,LET ME JOINüòù,ZoeZ,62PS2,,0:00,2,
,SLAYYYYYYY!!!,GracieP,62PN3,,0:00,2,
,I LOVE ICECREAMü©∑,EmieY,62PN4,,0:00,2,
,You got this üí™,HazelS,63NS1,,0:00,3,
,Adorable!! that is so sad ü•≤ü•≤,AimeeL,63NS2,,0:00,3,
,i feel you üíî,MarinaT,63NN4,,0:00,3,
,AWH cute cat even when he looks sad,ArthurM,63NN5,,0:00,3,
,they‚Äôll always be with you üïäÔ∏è,HazelS,64NS1,,0:00,4,
,:(,VioletO,64NN3,,0:00,4,
,‚òπÔ∏è‚òπÔ∏è‚òπÔ∏è,MarinaT,64NN4,,0:00,4,
,Sending hearts your way ‚ù§,GracieP,64NN5,,0:00,4,
,everything will be okay ü´∂ü´∂,ZoeZ,64NN5,,0:00,4,
,What a fun day!,AimeeL,71PS1,,0:00,1,
,periodüòõso cute,GracieP,71PN4,,0:00,1,
,look so good ü§©,HazelS,72PS1,,0:00,2,
,Fun,BrianD,72PS2,,0:00,2,
,it‚Äôs okay you‚Äôre not alone,ZoeZ,73NS3,,0:00,3,
,Just keep on pushing forward dawg,JamesS,73NN4,,0:00,3,
,I feel you,GracieP,74NN4,,0:00,4,
,Awh I‚Äôm sorry,ArthurM,74NS1,,0:00,4,
,bouta slide üòù,VioletO,81PS1,,0:00,1,
,Couple goals ü©∑,CharlotteS,81PS3,,0:00,1,
,Looks like a great time üî•,JamesS,81PN4,,0:00,1,
,I've been wanting to go luckyyy,ZoeZ,81PN5,,0:00,1,
,who is this DIVA üíú,MarinaT,82PS1,,0:00,2,
,GIVE ME FOOD!!,LucasT,82PN3,,0:00,2,
,#needthat,CallieZ,82PN5,,0:00,2,
,It will workout just fine your love for eachother is strong,ArthurM,83NS2,,0:00,3,
,"Hang in there, you‚Äôll be done before you know it ü©∑‚ò∫Ô∏è",CharlotteS,83NN5,,0:00,3,
,Aww sending my love!‚ù§Ô∏è,AimeeL,84NN3,,0:00,4,
,I feel you üíî,MarinaT,84NN4,,0:00,4,
,"Hanging with friends, always a good time!",ArthurM,91PS3,,0:00,1,
,awww this is so cuteness,VioletO,91PN5,,0:00,1,
,HECK YEAH,LizzyW,92PN3,,0:00,2,
,Period! Living life right ü©∑,CharlotteS,92PN5,,0:00,2,
,things will be better ‚ù§Ô∏è‚Äçü©π,MarinaT,93NS1,,0:00,3,
,it‚Äôs so sad we‚Äôre all growing up‚òπÔ∏è,ZoeZ,93NS1,,0:00,3,
,REAL ASF,CallieZ,93NN5,,0:00,3,
,That‚Äôs horrible I‚Äôm sorry,BrianD,94NS1,,0:00,4,
,me too its okay,ZoeZ,94NS2,,0:00,4,
,That drives me crazyyy üôÑ,GracieP,94NN5,,0:00,4,
,So happy for youuuu!!‚ù§,GracieP,101PS2,,0:00,1,
,Nice!!,ArthurM,101PS2,,0:00,1,
,ü§£ü§£,AimeeL,102PS2,,0:00,2,
,That's nice,BrianD,102PN3,,0:00,2,
,don‚Äôt give up yet,HazelS,103NS1,,0:00,3,
,think positive,LucasT,103NS2,,0:00,3,
,It‚Äôll get better,ZoeZ,103NS3,,0:00,3,
,I‚Äôm so sorry...hope you feel better!,LucasT,103NN5,,0:00,3,
,I hate when that happens,VioletO,104NN4,,0:00,4,
,"welp, you got this",LucasT,104NN5,,0:00,4,
,so real,EmieY,104NN5,,0:00,4,
,Sounds so fun!!,AimeeL,131PS1,,0:00,1,
,YESSS LETS GO,LizzyW,131PN4,,0:00,1,
,YOU GOT THIS üòù!,VioletO,131PN4,,0:00,1,
,Ayeeee,ZoeZ,131PN5,,0:00,1,
,cuties ü´∂üèª,CallieZ,132PS1,,0:00,2,
,stop i love that,ZoeZ,132PS1,,0:00,2,
,I LOVEEEEüòç üòù,EmieY,132PN5,,0:00,2,
,Hope you stay besties forever ü©∑,CharlotteS,133NS3,,0:00,3,
,Same here,BrianD,133NN4,,0:00,3,
,That‚Äôs literally me,CallieZ,134NS1,,0:00,4,
,YOO IM SO WEAK üò≠,VioletO,134NS2,,0:00,4,
,it can be hard but don‚Äôt let it get to you ü´∂,HazelS,134NN3,,0:00,4,
,üòïüòï,ZoeZ,134NN4,,0:00,4,
,Bro that seems like the actual best time,JamesS,141PS1,,0:00,1,
,So sweet!ü§™,GracieP,141PS2,,0:00,1,
,Can I join youüòÇ,CharlotteS,142PS1,,0:00,2,
,that looks amazingggg,ArthurM,142PN3,,0:00,2,
,I need that NOW üòº,EmieY,143NS2,,0:00,2,
,sorryüò• I feel for u,GracieP,143NN5,,0:00,3,
,Hope theyre in a better place üòî,JamesS,144NN3,,0:00,4,
,Love it!!!,AimeeL,144NN4,,0:00,4,
,looks so fun!!!!ü§©,GracieP,151PS1,,0:00,1,
,ok divas i see you,HazelS,151PS2,,0:00,1,
,this ate stop playingüòù,EmieY,151PN4,,0:00,1,
,ü§óü§ó,VioletO,152PS2,,0:00,2,
,let me come over ü§§,EmieY,152PN3,,0:00,2,
,sooo fun I love Fortnite,LizzyW,152PN4,,0:00,2,
,SOOOOOO FUN!,GracieP,152PN5,,0:00,2,
,dont give up!!,LucasT,153NS1,,0:00,3,
,I feel youü•≤ don‚Äôt worry it will be alright,AimeeL,153NS2,,0:00,3,
,thinking about you ü´∂,HazelS,153NN4,,0:00,3,
,always a call away if you need anything ‚ù§Ô∏è,VioletO,153NN5,,0:00,3,
,girl clean ur room‚Ä¶.,MarinaT,154NS1,,0:00,4,
,we‚Äôve all been there!! sending love,LizzyW,154NN3,,0:00,4,
,been there beforeü•≤u got this,GracieP,154NN5,,0:00,4,